Japanese,Sushi Rolls,"1. Prepare sushi rice according to the package instructions. 2. Lay a sheet of nori on a bamboo sushi mat. 3. Wet your hands and spread a thin layer of rice over the nori, leaving a small border. 4. Add your choice of fillings (e.g., fish, avocado, cucumber). 5. Roll it tightly using the mat. 6. Slice into bite-sized pieces and serve with soy sauce and wasabi.","Sushi rice, nori sheets, fish (e.g., salmon, tuna), avocado, cucumber, soy sauce, wasabi","45 minutes",No
Japanese,Miso Soup,"1. Bring water and kombu to a boil in a pot. 2. Remove kombu and add bonito flakes. 3. Simmer and strain the broth. 4. Return the broth to the pot and add miso paste, tofu, seaweed, and green onions. 5. Heat gently without boiling. 6. Serve hot.","Water, kombu, bonito flakes, miso paste, tofu, seaweed, green onions","20 minutes",Yes
Japanese,Tempura,"1. Heat oil in a deep pan to 350°F (175°C). 2. Dip vegetables (e.g., sweet potatoes, bell peppers, mushrooms) or seafood (e.g., shrimp, fish) in a light tempura batter. 3. Fry until golden and crispy. 4. Serve with tempura dipping sauce.","Vegetables or seafood, tempura batter, oil, tempura dipping sauce","20 minutes",No
Japanese,Okonomiyaki,"1. In a bowl, mix flour, grated yam, shredded cabbage, and eggs. 2. Heat a skillet and add the mixture to form a pancake. 3. Add your choice of toppings (e.g., pork, seafood, scallions). 4. Flip and cook until both sides are golden. 5. Drizzle with okonomiyaki sauce and mayo. 6. Serve hot.","Flour, grated yam, shredded cabbage, eggs, choice of toppings (e.g., pork, seafood, scallions), okonomiyaki sauce, mayonnaise","30 minutes",No
Japanese,Yakitori,"1. Thread skewers with bite-sized pieces of chicken, vegetables, or tofu. 2. Grill over charcoal or under a broiler, brushing with a soy-based tare sauce. 3. Rotate and continue grilling until cooked through. 4. Serve with extra tare sauce and a sprinkle of shichimi togarashi.","Chicken, vegetables, tofu, skewers, tare sauce, soy sauce, sake, mirin, sugar, shichimi togarashi","25 minutes",No
Japanese,Onigiri,"1. Cook and season short-grain rice with rice vinegar, salt, and sugar. 2. Wet your hands and shape the rice into triangular or oval patties. 3. Make an indentation in the center and add your choice of fillings (e.g., pickled plum, tuna, salmon). 4. Wrap with a strip of nori if desired. 5. Serve as a portable snack or meal.","Short-grain rice, rice vinegar, salt, sugar, choice of fillings (e.g., pickled plum, tuna, salmon), nori (optional)","40 minutes",Yes
Japanese,Teriyaki Chicken,"1. Marinate chicken pieces in a mixture of soy sauce, sake, mirin, and sugar. 2. Grill or pan-fry until cooked. 3. Simmer the marinade to create a thick teriyaki sauce. 4. Pour the sauce over the chicken. 5. Serve with steamed rice and steamed vegetables.","Chicken pieces, soy sauce, sake, mirin, sugar, steamed rice, steamed vegetables","30 minutes",No
Japanese,Ramen Noodles,"1. Boil fresh or dried ramen noodles until al dente. 2. Prepare a flavorful broth with miso, soy sauce, mirin, and dashi. 3. Serve the noodles in the hot broth with your choice of toppings (e.g., chashu pork, boiled egg, seaweed, green onions).","Ramen noodles, miso, soy sauce, mirin, dashi, choice of toppings (e.g., chashu pork, boiled egg, seaweed, green onions)","35 minutes",No
Japanese,Sashimi,"1. Slice fresh, raw fish (e.g., tuna, salmon, yellowtail) into thin pieces. 2. Arrange it on a plate and serve with pickled ginger, wasabi, and soy sauce for dipping. 3. Enjoy the delicate flavors of sashimi.","Fresh raw fish, pickled ginger, wasabi, soy sauce","15 minutes",No
Japanese,Gyudon,"1. Sauté thinly sliced beef and onions in a skillet. 2. Add soy sauce, mirin, sugar, and dashi. 3. Simmer until the beef is cooked and the sauce thickens. 4. Serve over a bowl of steamed rice. 5. Garnish with green onions and pickled ginger.","Thinly sliced beef, onions, soy sauce, mirin, sugar, dashi, steamed rice, green onions, pickled ginger","25 minutes",No
Japanese,Unagi Don,"1. Grill eel (unagi) until crispy and fragrant. 2. Prepare a sweet soy-based glaze. 3. Place the grilled eel over a bowl of steamed rice and drizzle the glaze on top. 4. Garnish with sesame seeds and thinly sliced nori. 5. Serve hot as a delicious eel rice bowl.","Grilled eel (unagi), sweet soy glaze, steamed rice, sesame seeds, nori","30 minutes",No
Japanese,Hōtō,"1. Cook flat, wide wheat noodles in a miso-based soup with seasonal vegetables (e.g., pumpkin, mushrooms, spinach). 2. Simmer until the vegetables are tender. 3. Serve hot, garnished with green onions and sesame seeds. 4. Enjoy this hearty noodle soup with a rich flavor.","Wide wheat noodles, miso paste, seasonal vegetables, green onions, sesame seeds","40 minutes",Yes
Japanese,Kitsune Udon,"1. Cook udon noodles until tender. 2. Prepare a hot dashi broth with soy sauce, mirin, and sugar. 3. Place aburaage (fried tofu) on top of the cooked udon. 4. Pour the hot broth over the noodles. 5. Garnish with thinly sliced green onions. 6. Serve as a comforting and flavorful udon soup.","Udon noodles, dashi broth, soy sauce, mirin, sugar, aburaage (fried tofu), green onions","25 minutes",Yes
Japanese,Chawanmushi,"1. Whisk together eggs, dashi, soy sauce, and mirin. 2. Pour the mixture through a fine sieve into small cups. 3. Add ingredients like shrimp, shiitake mushrooms, ginkgo nuts, or kamaboko (fish cake) into each cup. 4. Steam until set. 5. Serve as a delicate and savory egg custard.","Eggs, dashi, soy sauce, mirin, shrimp, shiitake mushrooms, ginkgo nuts, kamaboko (fish cake)","30 minutes",No
Japanese,Sukiyaki,"1. Heat a sukiyaki pot or skillet with a sweet soy-based broth. 2. Add thinly sliced beef, tofu, and vegetables (e.g., napa cabbage, shiitake mushrooms, green onions). 3. Simmer until everything is tender and flavorful. 4. Dip the cooked ingredients in beaten raw eggs and enjoy. 5. Serve with steamed rice.","Thinly sliced beef, tofu, napa cabbage, shiitake mushrooms, green onions, sweet soy broth, raw eggs, steamed rice","25 minutes",No
Japanese,Karaage,"1. Marinate bite-sized pieces of chicken in soy sauce, ginger, and garlic. 2. Coat the chicken with potato starch. 3. Deep-fry until golden and crispy. 4. Serve hot with lemon wedges. 5. Enjoy this Japanese-style fried chicken as a snack or meal.","Chicken pieces, soy sauce, ginger, garlic, potato starch, vegetable oil, lemon wedges","20 minutes",No
Japanese,Kare Raisu (Japanese Curry Rice),"1. Sauté onions, carrots, and potatoes in a large pot. 2. Add curry roux blocks and water. 3. Simmer until the vegetables are tender and the curry thickens. 4. Serve the Japanese curry over steamed rice. 5. Customize with your choice of toppings (e.g., tonkatsu, soft-boiled eggs).","Onions, carrots, potatoes, curry roux blocks, water, steamed rice, choice of toppings (e.g., tonkatsu, soft-boiled eggs)","45 minutes",No
Japanese,Yakizakana,"1. Season fish fillets with salt and pepper. 2. Grill or broil until the fish is cooked through and the skin is crispy. 3. Serve the grilled fish with grated daikon radish and soy sauce. 4. Enjoy this simple and delicious Japanese grilled fish dish.","Fish fillets, salt, pepper, daikon radish, soy sauce","15 minutes",No
Japanese,Oyakodon,"1. Sauté chicken and sliced onions in a pan. 2. Add a mixture of beaten eggs, soy sauce, mirin, and dashi. 3. Cook until the eggs are just set. 4. Serve over a bowl of steamed rice. 5. Garnish with green onions and bonito flakes. 6. Enjoy this classic Japanese chicken and egg rice bowl.","Chicken, onions, eggs, soy sauce, mirin, dashi, steamed rice, green onions, bonito flakes","20 minutes",No
Japanese,Natto,"1. Stir fermented soybeans (natto) to create a sticky consistency. 2. Add soy sauce, mustard, and chopped green onions. 3. Serve over steamed rice. 4. Enjoy natto for its unique flavor and health benefits.","Fermented soybeans (natto), soy sauce, mustard, green onions, steamed rice","10 minutes",Yes
Japanese,Okonomiyaki,"1. Mix cabbage, flour, dashi, eggs, and your choice of ingredients (e.g., shrimp, pork, vegetables) in a bowl. 2. Cook the mixture on a griddle or in a skillet until golden brown on both sides. 3. Drizzle with okonomiyaki sauce and mayonnaise. 4. Sprinkle with bonito flakes and aonori (seaweed flakes). 5. Serve as a savory pancake.","Cabbage, flour, dashi, eggs, choice of ingredients (e.g., shrimp, pork, vegetables), okonomiyaki sauce, mayonnaise, bonito flakes, aonori","30 minutes",Yes (if made without meat)
Japanese,Yakitori,"1. Skewer bite-sized pieces of chicken and vegetables. 2. Grill or broil until they are cooked and slightly charred. 3. Brush with tare sauce while grilling. 4. Serve on skewers and enjoy as a popular Japanese street food.","Chicken pieces, vegetables, tare sauce (soy sauce, sake, mirin, sugar), skewers","20 minutes",No
Japanese,Goya Champuru,"1. Slice goya (bitter melon) and remove the seeds. 2. Stir-fry goya with tofu, pork, and sliced onion in a pan. 3. Season with soy sauce and sometimes a bit of sugar. 4. Serve hot as a classic Okinawan dish with a unique bitter taste.","Goya (bitter melon), tofu, pork, onion, soy sauce, sugar (optional)","20 minutes",No
Japanese,Konnyaku,"1. Cut konnyaku (yam cake) into bite-sized pieces. 2. Boil or simmer in a flavorful broth (e.g., dashi, soy sauce, mirin) until they absorb the flavors. 3. Serve as a simple, healthy side dish or addition to other Japanese dishes.","Konnyaku (yam cake), dashi, soy sauce, mirin","15 minutes",Yes
Japanese,Hijiki Salad,"1. Soak dried hijiki seaweed until rehydrated. 2. Sauté hijiki with vegetables (e.g., carrots, soybeans) and season with soy sauce, sugar, and sake. 3. Serve as a nutritious Japanese seaweed salad.","Dried hijiki seaweed, carrots, soybeans, soy sauce, sugar, sake","20 minutes",Yes
Japanese,Nikujaga,"1. Cook sliced beef with onions, potatoes, and sometimes carrots in a pan. 2. Add soy sauce, sake, mirin, and sugar. 3. Simmer until the ingredients are tender and the sauce is flavorful. 4. Serve over steamed rice as a hearty Japanese meat and potato stew.","Sliced beef, onions, potatoes, carrots, soy sauce, sake, mirin, sugar, steamed rice","40 minutes",No
Japanese,Chirashizushi,"1. Spread seasoned sushi rice in a serving bowl or on a plate. 2. Arrange a colorful assortment of sashimi (e.g., raw fish, seafood, and vegetables) on top of the rice. 3. Garnish with pickled ginger, wasabi, and other toppings. 4. Serve as a beautiful and varied sushi dish.","Sushi rice, sashimi (raw fish, seafood, vegetables), pickled ginger, wasabi, various toppings","30 minutes",No
Japanese,Zaru Soba,"1. Cook soba noodles until al dente. 2. Drain and rinse under cold water. 3. Serve the chilled soba on a bamboo tray (zaru) with a dipping sauce (mentsuyu). 4. Garnish with sliced green onions and wasabi. 5. Enjoy as a refreshing Japanese noodle dish.","Soba noodles, mentsuyu (dipping sauce), green onions, wasabi","15 minutes",Yes
Japanese,Dorayaki,"1. Make sweet pancake-like dorayaki by cooking batter in rounds. 2. Spread red bean paste (anko) on one pancake and sandwich it with another. 3. Serve these delightful red bean-filled snacks as a popular Japanese dessert.","Flour, eggs, sugar, baking powder, anko (sweet red bean paste)","25 minutes",No
Japanese,Kitsune Soba,"1. Cook soba noodles until tender. 2. Prepare a hot dashi broth with soy sauce, mirin, and sugar. 3. Top the soba with aburaage (fried tofu) and green onions. 4. Pour the hot broth over the noodles. 5. Enjoy as a comforting soba noodle soup.","Soba noodles, dashi broth, soy sauce, mirin, sugar, aburaage (fried tofu), green onions","20 minutes",Yes
Italian,Bruschetta,"Preheat the grill. Slice a baguette and brush the slices with olive oil. Grill until lightly toasted. Rub garlic on the toasted side. Top with diced tomatoes, fresh basil, and a drizzle of balsamic vinegar. Season with salt and pepper.","1 baguette, Olive oil, 2 cloves garlic, 4 large tomatoes (diced), Fresh basil leaves, Balsamic vinegar, Salt and pepper","15 minutes",Yes
Italian,Tiramisu,"In a mixing bowl, beat egg yolks and sugar until creamy. Add mascarpone cheese and mix. In a separate bowl, beat egg whites until stiff peaks form. Fold them into the mascarpone mixture. Dip ladyfingers in espresso and layer them with the mascarpone mixture. Chill, then dust with cocoa powder before serving.","6 egg yolks, 3/4 cup sugar, 8 ounces mascarpone cheese, 4 egg whites, Ladyfingers, Espresso coffee, Unsweetened cocoa powder","4 hours (including chilling time)",Yes
Italian,Risotto alla Milanese,"In a saucepan, heat saffron-infused chicken broth. In a separate pan, sauté onions in butter. Add Arborio rice and toast. Gradually add the saffron broth, stirring until the rice is creamy and cooked. Stir in Parmesan cheese and serve.","2 cups Arborio rice, 6 cups chicken broth (infused with saffron), 1/2 cup finely chopped onions, 4 tablespoons butter, 1/2 cup grated Parmesan cheese","30 minutes",Yes
Italian,Minestrone Soup,"In a large pot, sauté onions, carrots, and celery in olive oil. Add garlic, canned tomatoes, beans, and broth. Simmer until the vegetables are tender. Stir in pasta and spinach and cook until pasta is al dente. Serve with grated Parmesan cheese.","2 tablespoons olive oil, 1 onion (chopped), 2 carrots (chopped), 2 celery stalks (chopped), 2 cloves garlic (minced), 14 ounces canned diced tomatoes, 15 ounces canned white beans, 6 cups vegetable or chicken broth, 1 cup pasta, 2 cups fresh spinach, Grated Parmesan cheese","40 minutes",Yes
Italian,Gnocchi alla Sorrentina,"Cook potato gnocchi until they float to the surface. Layer them with tomato sauce, mozzarella cheese, and fresh basil in a baking dish. Bake until the cheese is melted and bubbling. Serve hot.","1 pound potato gnocchi, Tomato sauce, Fresh mozzarella cheese, Fresh basil leaves, Salt and pepper","30 minutes",Yes
Italian,Caponata,"Sauté eggplant in olive oil until browned. In a separate pan, cook onions, celery, and tomatoes. Mix the vegetables with capers, olives, red wine vinegar, and sugar. Let it sit for a few hours before serving as an appetizer or side dish.","1 large eggplant, 2 tablespoons olive oil, 1 onion (chopped), 2 celery stalks (chopped), 2 tomatoes (chopped), Capers, Green olives, Red wine vinegar, Sugar","40 minutes (plus resting time)",Yes
Italian,Amaretti Cookies,"In a bowl, mix almond paste, sugar, and egg whites until smooth. Form the dough into small balls, roll in powdered sugar, and place on a baking sheet. Bake until golden and crisp. Let cool before serving.","7 ounces almond paste, 3/4 cup sugar, 2 egg whites, Powdered sugar (for rolling)","25 minutes",Yes
Italian,Panzanella Salad,"Tear stale bread into bite-sized pieces. Combine with ripe tomatoes, cucumber, red onion, and fresh basil. Dress with olive oil, red wine vinegar, salt, and pepper. Let the salad sit for a while to allow the flavors to meld.","Stale bread, Ripe tomatoes, Cucumber, Red onion, Fresh basil leaves, Olive oil, Red wine vinegar, Salt and pepper","20 minutes",Yes
Italian,Pesto Pasta,"Cook pasta until al dente. Blend fresh basil, pine nuts, garlic, Parmesan cheese, and olive oil in a food processor to make pesto. Toss the cooked pasta with the pesto and serve with extra Parmesan cheese.","8 ounces pasta, Fresh basil leaves, Pine nuts, 2 cloves garlic, 1/2 cup grated Parmesan cheese, Olive oil, Salt and pepper","20 minutes",Yes
Italian,Cheese Fondue,"Rub the inside of a fondue pot with garlic. Heat white wine and lemon juice in the pot. Gradually add grated Emmental and Gruyère cheese, stirring until melted. Season with nutmeg and serve with bread cubes for dipping.","1 clove garlic, 1 cup dry white wine, 1 tablespoon lemon juice, 8 ounces Emmental cheese (grated), 8 ounces Gruyère cheese (grated), Freshly grated nutmeg, Bread cubes","20 minutes",Yes
Italian,Stuffed Shells,"Cook jumbo pasta shells until al dente. Mix ricotta cheese, grated Parmesan cheese, egg, and herbs. Stuff the shells with the mixture and bake with marinara sauce and mozzarella cheese until bubbly.","24 jumbo pasta shells, 2 cups ricotta cheese, 1/2 cup grated Parmesan cheese, 1 egg, Fresh herbs, Marinara sauce, Mozzarella cheese","40 minutes",Yes
Italian,Polenta,"Cook polenta by simmering cornmeal in water or broth until thickened. Serve as a creamy side dish with butter, cheese, or your favorite toppings.","1 cup cornmeal, Water or broth, Butter, Cheese, Toppings (e.g., mushrooms, tomato sauce)","30 minutes",Yes
Italian,Cacio e Pepe,"Cook spaghetti until al dente. In a pan, combine grated Pecorino Romano cheese, black pepper, and pasta water. Toss the cooked pasta in the sauce until creamy. Serve with extra cheese and pepper.","12 ounces spaghetti, 1 cup Pecorino Romano cheese (grated), Black pepper (to taste)","15 minutes",Yes
Italian,Chicken Parmesan,"Dredge chicken breasts in flour, dip in beaten eggs, and coat with breadcrumbs. Fry until golden brown. Top with marinara sauce and mozzarella, then bake until bubbly. Serve over spaghetti.","4 boneless, skinless chicken breasts, Flour for dredging, 2 eggs (beaten), Breadcrumbs, Olive oil, Marinara sauce, Mozzarella cheese, Spaghetti","40 minutes",No
Italian,Artichoke Risotto,"In a saucepan, sauté onions and garlic in olive oil. Add Arborio rice and cook until translucent. Pour in white wine and simmer. Gradually add vegetable broth, stirring until the rice is creamy. Stir in artichoke hearts and Parmesan cheese.","2 cups Arborio rice, 1/2 cup finely chopped onions, 2 cloves garlic (minced), 1/2 cup dry white wine, 6 cups vegetable broth, 1 can artichoke hearts (drained and chopped), 1/2 cup grated Parmesan cheese","30 minutes",Yes
Italian,Seafood Linguine,"Cook linguine until al dente. In a pan, sauté garlic in olive oil. Add shrimp, scallops, and cherry tomatoes. Pour in white wine and simmer. Toss the cooked linguine in the seafood mixture. Garnish with parsley.","12 ounces linguine, 3 tablespoons olive oil, 3 cloves garlic (minced), 1/2 pound shrimp (peeled and deveined), 1/2 pound scallops, 1 cup cherry tomatoes (halved), 1/2 cup dry white wine, Fresh parsley (chopped)","25 minutes",No
Italian,Cauliflower Pizza,"Preheat the oven. Blend cauliflower in a food processor and mix with eggs, cheese, and seasonings. Press the mixture into a pizza crust shape and bake until golden. Top with tomato sauce, cheese, and your favorite toppings. Bake until the cheese is melted.","1 head cauliflower, 2 eggs, 1 cup mozzarella cheese (shredded), 1/4 cup Parmesan cheese (grated), Italian seasoning, Salt and pepper, Tomato sauce, Toppings of your choice","30 minutes",Yes
Italian,Salmon Piccata,"Season salmon fillets with salt and pepper. Sear in a hot skillet with olive oil until golden. Remove from the skillet. In the same skillet, make a sauce with butter, lemon juice, capers, and chicken broth. Return the salmon to the pan and simmer until cooked through.","4 salmon fillets, Salt and pepper, 2 tablespoons olive oil, 2 tablespoons butter, 1/4 cup fresh lemon juice, 1/4 cup chicken broth, 2 tablespoons capers","20 minutes",No
Italian,Fettuccine with Mushroom Alfredo,"Cook fettuccine until al dente. In a pan, sauté mushrooms in butter. Pour in heavy cream and Parmesan cheese, stirring until melted. Toss the cooked fettuccine in the mushroom Alfredo sauce. Garnish with parsley.","12 ounces fettuccine, 1/2 cup butter, 8 ounces mushrooms (sliced), 2 cups heavy cream, 1 cup grated Parmesan cheese, Fresh parsley (chopped)","20 minutes",Yes
Italian,Stracciatella Soup,"Bring chicken broth to a simmer. In a bowl, whisk eggs, Parmesan cheese, and breadcrumbs. Pour the egg mixture into the simmering broth, stirring until ribbons form. Add spinach and serve hot.","6 cups chicken broth, 2 eggs, 1/2 cup grated Parmesan cheese, 1/4 cup breadcrumbs, Fresh spinach (chopped)","15 minutes",Yes
Italian,Lemon Ricotta Pancakes,"In a bowl, mix ricotta cheese, eggs, flour, sugar, baking powder, and lemon zest. Cook spoonfuls of batter on a griddle until golden brown. Serve with fresh berries and maple syrup.","1 cup ricotta cheese, 2 eggs, 1 cup all-purpose flour, 2 tablespoons sugar, 1 teaspoon baking powder, Zest of 1 lemon, Fresh berries, Maple syrup","20 minutes",Yes
Italian,Pasta e Fagioli,"In a pot, sauté onions, carrots, and celery in olive oil. Add garlic, canned tomatoes, beans, broth, and pasta. Simmer until pasta is cooked. Serve hot with a drizzle of olive oil and grated Parmesan cheese.","2 tablespoons olive oil, 1 onion (chopped), 2 carrots (chopped), 2 celery stalks (chopped), 2 cloves garlic (minced), 14 ounces canned diced tomatoes, 15 ounces canned white beans, 6 cups vegetable or chicken broth, 1 cup pasta, Olive oil, Grated Parmesan cheese","30 minutes",Yes
Italian,Chicken Alfredo Stuffed Shells,"Cook jumbo pasta shells until al dente. Mix shredded chicken, Alfredo sauce, and shredded mozzarella. Stuff the shells with the mixture, top with more sauce and cheese, and bake until bubbly.","24 jumbo pasta shells, 2 cups cooked shredded chicken, 2 cups Alfredo sauce, 2 cups shredded mozzarella cheese","40 minutes",No
Italian,Burrata and Tomato Salad,"Arrange slices of ripe tomatoes and fresh burrata on a plate. Drizzle with extra-virgin olive oil and balsamic glaze. Season with salt and pepper. Garnish with fresh basil leaves.","Ripe tomatoes, Burrata cheese, Extra-virgin olive oil, Balsamic glaze, Salt and pepper, Fresh basil leaves","10 minutes",Yes
American,Hamburger,"Grill or pan-cook beef patties seasoned with salt and pepper. Place in a bun and top with lettuce, tomato, onion, pickles, and your favorite condiments.","Ground beef, Salt, Pepper, Burger buns, Lettuce, Tomato (sliced), Onion (sliced), Pickles, Ketchup, Mustard, Mayonnaise","15 minutes",No
American,Macaroni and Cheese,"Cook elbow macaroni until al dente. In a saucepan, melt butter, stir in flour, then gradually whisk in milk. Add shredded cheddar cheese and stir until smooth. Combine with cooked macaroni.","8 ounces elbow macaroni, 1/4 cup butter, 1/4 cup all-purpose flour, 2 cups milk, 2 cups shredded cheddar cheese, Salt and pepper","25 minutes",Yes
American,Fried Chicken,"Dredge chicken pieces in seasoned flour, dip in beaten eggs, and coat with breadcrumbs. Fry until golden brown and crispy. Serve hot with your favorite dipping sauce.","Chicken pieces (drumsticks, thighs, wings), Salt, Pepper, All-purpose flour, Eggs (beaten), Breadcrumbs, Vegetable oil (for frying)","30 minutes",No
American,Chocolate Chip Cookies,"Preheat the oven. In a bowl, cream together butter, sugar, and brown sugar. Add eggs and vanilla extract, then mix in flour, baking soda, and chocolate chips. Drop spoonfuls onto a baking sheet and bake until golden brown.","1 cup butter, 1 cup sugar, 1 cup brown sugar, 2 eggs, 1 teaspoon vanilla extract, 3 cups all-purpose flour, 1 teaspoon baking soda, 2 cups chocolate chips","15 minutes",Yes
American,Clam Chowder,"In a pot, cook bacon until crispy. Sauté onions, celery, and potatoes in bacon fat. Add clam juice and broth, then simmer. Stir in chopped clams, cream, and seasonings. Serve hot.","4 slices bacon, 1 onion (chopped), 2 celery stalks (chopped), 3 potatoes (cubed), 1 cup clam juice, 2 cups chicken broth, 2 cans chopped clams, 1 cup heavy cream, Salt and pepper, Fresh thyme","40 minutes",No
American,Cheeseburger,"Grill or pan-cook beef patties seasoned with salt and pepper. Place in a bun, add a slice of cheese, and top with lettuce, tomato, onion, pickles, and your favorite condiments.","Ground beef, Salt, Pepper, Burger buns, Cheese slices, Lettuce, Tomato (sliced), Onion (sliced), Pickles, Ketchup, Mustard, Mayonnaise","15 minutes",No
American,Buffalo Chicken Wings,"Preheat the oven. Coat chicken wings with a mixture of flour, salt, and pepper. Bake until crispy. Toss in buffalo sauce and serve with celery sticks and ranch dressing.","2 pounds chicken wings, 1/2 cup all-purpose flour, Salt, Pepper, 1 cup buffalo sauce, Celery sticks, Ranch dressing","40 minutes",No
American,Pancakes,"In a bowl, mix flour, sugar, baking powder, and salt. Add milk, eggs, and melted butter, then whisk until smooth. Cook spoonfuls of batter on a griddle until golden brown. Serve with maple syrup.","2 cups all-purpose flour, 2 tablespoons sugar, 2 teaspoons baking powder, 1/2 teaspoon salt, 1 1/2 cups milk, 2 eggs, 1/4 cup butter (melted), Maple syrup","20 minutes",Yes
American,Chicken Pot Pie,"Preheat the oven. In a pot, cook chicken, vegetables, and herbs in butter. Stir in flour, then gradually add chicken broth and milk. Simmer until thickened. Pour into a pie crust, top with another crust, and bake until golden.","2 cups cooked chicken (shredded), 1 cup frozen mixed vegetables, 1/3 cup butter, 1/3 cup all-purpose flour, 1/2 teaspoon salt, 1/4 teaspoon black pepper, 1/4 teaspoon celery seed, 1 3/4 cups chicken broth, 2/3 cup milk, 2 refrigerated pie crusts","45 minutes",No
American,Apple Pie,"Preheat the oven. Mix sliced apples with sugar, cinnamon, and flour. Pour into a pie crust, dot with butter, and cover with a second crust. Bake until the crust is golden and the filling is bubbly.","6 cups apples (peeled and sliced), 3/4 cup sugar, 1 teaspoon ground cinnamon, 2 tablespoons all-purpose flour, 2 tablespoons butter, 2 refrigerated pie crusts","1 hour",Yes
American,Cobb Salad,"Arrange chopped lettuce on a plate. Top with rows of grilled chicken, tomatoes, avocado, bacon, blue cheese, and hard-boiled eggs. Drizzle with your favorite dressing.","Lettuce (chopped), Grilled chicken (sliced), Tomatoes (chopped), Avocado (sliced), Bacon (cooked and crumbled), Blue cheese (crumbled), Hard-boiled eggs (sliced), Dressing of your choice","20 minutes",No
American,Chili,"In a pot, cook ground beef until browned. Add onions, garlic, bell peppers, and spices. Stir in diced tomatoes, tomato sauce, beans, and broth. Simmer until flavors meld. Serve hot with toppings.","1 pound ground beef, 1 onion (chopped), 2 cloves garlic (minced), 2 bell peppers (chopped), Chili powder, Cumin, Paprika, 2 cans diced tomatoes, 1 can tomato sauce, 2 cans kidney beans, 1 cup beef broth, Toppings (cheese, sour cream, green onions)","30 minutes",No
American,Grilled Cheese Sandwich,"Butter one side of each bread slice. Place cheese between slices, buttered side out. Grill in a pan until bread is golden and cheese is melted.","Bread slices, Butter, Cheese slices","10 minutes",Yes
American,Shrimp and Grits,"Cook grits according to package instructions. Sauté shrimp in butter with garlic, lemon, and Cajun seasoning. Serve over a bed of creamy grits.","1 cup grits, 1 pound shrimp (peeled and deveined), 4 tablespoons butter, 3 cloves garlic (minced), 1 lemon (juiced), Cajun seasoning, Salt and pepper","30 minutes",No
American,Reuben Sandwich,"Spread Thousand Island dressing on slices of rye bread. Layer corned beef, sauerkraut, and Swiss cheese. Grill until the cheese is melted. Serve hot.","Rye bread slices, Thousand Island dressing, Corned beef slices, Sauerkraut, Swiss cheese slices","15 minutes",No
American,New York-Style Pizza,"Preheat the oven and roll out pizza dough. Spread with tomato sauce and sprinkle with mozzarella cheese. Add your favorite toppings. Bake until crust is golden and cheese is bubbly.","Pizza dough, Tomato sauce, Mozzarella cheese, Toppings of your choice","20 minutes",No
American,Fish Tacos,"Batter fish fillets and fry until golden. Fill tortillas with shredded cabbage, fish, and top with salsa, sour cream, and lime wedges.","Fish fillets, Batter (flour, beer, baking powder), Corn tortillas, Shredded cabbage, Salsa, Sour cream, Lime wedges","25 minutes",No
American,Cornbread,"Preheat the oven. Mix cornmeal, flour, baking powder, and salt. In a separate bowl, combine milk, eggs, and melted butter. Mix wet and dry ingredients, then bake until golden brown.","1 cup cornmeal, 1 cup all-purpose flour, 1 tablespoon baking powder, 1 teaspoon salt, 1 cup milk, 2 eggs, 1/2 cup butter (melted)","25 minutes",Yes
American,Pulled Pork Sandwiches,"Rub pork shoulder with a spice mixture and slow-cook until tender. Shred the pork and mix with barbecue sauce. Serve on buns with coleslaw.","Pork shoulder, Spice rub, Barbecue sauce, Burger buns, Coleslaw","8 hours (slow-cooking time)",No
American,Chicken and Waffles,"Fry chicken until golden and crisp. Serve on top of waffles and drizzle with maple syrup.","Chicken pieces, Waffle mix, Maple syrup","30 minutes",No
American,Key Lime Pie,"Preheat the oven. Mix graham cracker crumbs, sugar, and melted butter. Press into a pie pan to form the crust. In a separate bowl, combine condensed milk, key lime juice, and egg yolks. Pour into the crust and bake until set.","1 1/2 cups graham cracker crumbs, 1/3 cup sugar, 1/2 cup butter (melted), 1 can condensed milk, 1/2 cup key lime juice, 3 egg yolks","25 minutes",Yes
American,Hot Dog with Chili,"Grill or boil hot dogs. Top with chili, shredded cheese, onions, and mustard.","Hot dogs, Chili, Shredded cheese, Onions (chopped), Mustard","15 minutes",No
American,Red Velvet Cake,"Preheat the oven. Mix flour, cocoa powder, baking soda, and salt. In a separate bowl, beat butter and sugar until fluffy. Add eggs, buttermilk, vanilla extract, and red food coloring. Combine wet and dry ingredients, then bake until a toothpick comes out clean.","2 1/2 cups all-purpose flour, 2 tablespoons cocoa powder, 1 1/2 teaspoons baking soda, 1 teaspoon salt, 1 1/2 cups unsalted butter, 2 1/2 cups sugar, 4 eggs, 1 1/4 cups buttermilk, 1 teaspoon vanilla extract, Red food coloring","30 minutes",Yes
American,Biscuits and Gravy,"Preheat the oven. Mix flour, baking powder, salt, and butter. Add milk and mix until dough forms. Drop spoonfuls onto a baking sheet and bake until golden. Serve with sausage gravy.","2 cups all-purpose flour, 1 tablespoon baking powder, 1 teaspoon salt, 1/2 cup butter, 3/4 cup milk, Sausage gravy","20 minutes",No
French,Coq au Vin,"Marinate chicken in red wine, thyme, and bay leaves. Sauté bacon, mushrooms, and pearl onions. Brown the chicken, add marinade, and simmer until cooked. Serve over mashed potatoes.","1 whole chicken, 2 cups red wine, Fresh thyme, Bay leaves, 4 slices bacon (chopped), 1 cup mushrooms, 1 cup pearl onions, Mashed potatoes","2 hours",No
French,Ratatouille,"Preheat the oven. Layer sliced eggplant, zucchini, and tomatoes in a baking dish. Sprinkle with herbs and olive oil. Bake until vegetables are tender. Serve as a side or main dish.","1 eggplant, 2 zucchinis, 4 tomatoes, Herbes de Provence, Olive oil","45 minutes",Yes
French,Beef Bourguignon,"Marinate beef in red wine, garlic, and herbs. Sauté bacon, carrots, and onions. Brown the beef, add marinade, and slow-cook until tender. Serve over mashed potatoes or noodles.","2 pounds beef stew meat, 2 cups red wine, 4 cloves garlic (minced), Fresh thyme, 4 slices bacon (chopped), 4 carrots (sliced), 2 onions (chopped), Mashed potatoes or noodles","4 hours (slow-cooking time)",No
French,Quiche Lorraine,"Preheat the oven. Line a pie crust with bacon and cheese. Whisk together eggs and cream, then pour over the bacon and cheese. Bake until set and golden brown.","1 pie crust, 8 slices bacon, 1 cup Gruyère cheese (grated), 4 eggs, 1 1/2 cups heavy cream","45 minutes",No
French,Salade Niçoise,"Arrange mixed greens, tuna, boiled potatoes, green beans, cherry tomatoes, hard-boiled eggs, and olives on a plate. Drizzle with vinaigrette.","Mixed greens, Canned tuna, Boiled potatoes, Green beans, Cherry tomatoes, Hard-boiled eggs, Olives, Vinaigrette","30 minutes",Yes
French,Coquilles Saint-Jacques,"Sauté scallops in butter until golden. Transfer to a baking dish. In the same pan, make a sauce with shallots, wine, and cream. Pour over the scallops, top with breadcrumbs, and bake until bubbly.","Scallops, Butter, Shallots (chopped), White wine, Heavy cream, Breadcrumbs","25 minutes",No
French,Croissant,"Preheat the oven. Roll out croissant dough and shape into triangles. Roll each triangle from the wide end to the tip. Bake until golden brown. Serve warm.","Croissant dough","15 minutes",No
French,Boeuf en Daube,"Marinate beef cubes in red wine, garlic, and herbs. Sauté bacon, carrots, and onions. Brown the beef, add marinade, and slow-cook until tender. Serve over noodles or mashed potatoes.","2 pounds beef cubes, 2 cups red wine, 4 cloves garlic (minced), Fresh thyme, 4 slices bacon (chopped), 4 carrots (sliced), 2 onions (chopped), Noodles or mashed potatoes","4 hours (slow-cooking time)",No
French,Gratin Dauphinois,"Preheat the oven. Layer sliced potatoes in a baking dish. Mix cream, garlic, and nutmeg, then pour over the potatoes. Bake until the top is golden and the potatoes are tender.","4 large potatoes (sliced), 1 1/2 cups heavy cream, 2 cloves garlic (minced), Nutmeg","1 hour",Yes
French,Chocolate Mousse,"Melt chocolate and butter. Beat egg yolks with sugar until creamy. Combine with melted chocolate. Whip egg whites until stiff, then fold into the chocolate mixture. Chill before serving.","8 ounces dark chocolate, 1/2 cup unsalted butter, 4 eggs (separated), 1/4 cup sugar","3 hours (including chilling time)",No
French,Tarte Tatin,"Preheat the oven. Cook apples in caramelized sugar and butter. Top with pastry dough and bake until golden. Invert onto a plate before serving.","6 apples (peeled, cored, and halved), 1 cup sugar, 1/2 cup unsalted butter, Puff pastry dough","45 minutes",Yes
French,Escargot,"Clean and prepare snails. Mix butter, garlic, shallots, parsley, and a splash of wine. Spoon the mixture into snail shells. Bake until bubbly. Serve with crusty bread.","24 snail shells, 1/2 cup unsalted butter, 4 cloves garlic (minced), 2 shallots (minced), Fresh parsley (chopped), White wine, Crusty bread","20 minutes",No
French,Coq au Vin,"Marinate chicken in red wine, thyme, and bay leaves. Sauté bacon, mushrooms, and pearl onions. Brown the chicken, add marinade, and simmer until cooked. Serve over mashed potatoes.","1 whole chicken, 2 cups red wine, Fresh thyme, Bay leaves, 4 slices bacon (chopped), 1 cup mushrooms, 1 cup pearl onions, Mashed potatoes","2 hours",No
French,Ratatouille,"Preheat the oven. Layer sliced eggplant, zucchini, and tomatoes in a baking dish. Sprinkle with herbs and olive oil. Bake until vegetables are tender. Serve as a side or main dish.","1 eggplant, 2 zucchinis, 4 tomatoes, Herbes de Provence, Olive oil","45 minutes",Yes
French,Beef Bourguignon,"Marinate beef in red wine, garlic, and herbs. Sauté bacon, carrots, and onions. Brown the beef, add marinade, and slow-cook until tender. Serve over mashed potatoes or noodles.","2 pounds beef stew meat, 2 cups red wine, 4 cloves garlic (minced), Fresh thyme, 4 slices bacon (chopped), 4 carrots (sliced), 2 onions (chopped), Mashed potatoes or noodles","4 hours (slow-cooking time)",No
French,Quiche Lorraine,"Preheat the oven. Line a pie crust with bacon and cheese. Whisk together eggs and cream, then pour over the bacon and cheese. Bake until set and golden brown.","1 pie crust, 8 slices bacon, 1 cup Gruyère cheese (grated), 4 eggs, 1 1/2 cups heavy cream","45 minutes",No
French,Salade Niçoise,"Arrange mixed greens, tuna, boiled potatoes, green beans, cherry tomatoes, hard-boiled eggs, and olives on a plate. Drizzle with vinaigrette.","Mixed greens, Canned tuna, Boiled potatoes, Green beans, Cherry tomatoes, Hard-boiled eggs, Olives, Vinaigrette","30 minutes",Yes
French,Coquilles Saint-Jacques,"Sauté scallops in butter until golden. Transfer to a baking dish. In the same pan, make a sauce with shallots, wine, and cream. Pour over the scallops, top with breadcrumbs, and bake until bubbly.","Scallops, Butter, Shallots (chopped), White wine, Heavy cream, Breadcrumbs","25 minutes",No
French,Croissant,"Preheat the oven. Roll out croissant dough and shape into triangles. Roll each triangle from the wide end to the tip. Bake until golden brown. Serve warm.","Croissant dough","15 minutes",No
French,Boeuf en Daube,"Marinate beef cubes in red wine, garlic, and herbs. Sauté bacon, carrots, and onions. Brown the beef, add marinade, and slow-cook until tender. Serve over noodles or mashed potatoes.","2 pounds beef cubes, 2 cups red wine, 4 cloves garlic (minced), Fresh thyme, 4 slices bacon (chopped), 4 carrots (sliced), 2 onions (chopped), Noodles or mashed potatoes","4 hours (slow-cooking time)",No
French,Gratin Dauphinois,"Preheat the oven. Layer sliced potatoes in a baking dish. Mix cream, garlic, and nutmeg, then pour over the potatoes. Bake until the top is golden and the potatoes are tender.","4 large potatoes (sliced), 1 1/2 cups heavy cream, 2 cloves garlic (minced), Nutmeg","1 hour",Yes
French,Chocolate Mousse,"Melt chocolate and butter. Beat egg yolks with sugar until creamy. Combine with melted chocolate. Whip egg whites until stiff, then fold into the chocolate mixture. Chill before serving.","8 ounces dark chocolate, 1/2 cup unsalted butter, 4 eggs (separated), 1/4 cup sugar","3 hours (including chilling time)",No
French,Tarte Tatin,"Preheat the oven. Cook apples in caramelized sugar and butter. Top with pastry dough and bake until golden. Invert onto a plate before serving.","6 apples (peeled, cored, and halved), 1 cup sugar, 1/2 cup unsalted butter, Puff pastry dough","45 minutes",Yes
French,Escargot,"Clean and prepare snails. Mix butter, garlic, shallots, parsley, and a splash of wine. Spoon the mixture into snail shells. Bake until bubbly. Serve with crusty bread.","24 snail shells, 1/2 cup unsalted butter, 4 cloves garlic (minced), 2 shallots (minced), Fresh parsley (chopped), White wine, Crusty bread","20 minutes",No
Chinese,Kung Pao Chicken,"In a wok, stir-fry diced chicken until cooked. Add peanuts, vegetables, and a flavorful sauce. Toss until well combined. Serve over rice.","1 pound chicken breast (diced), 1 cup peanuts, 1 cup diced vegetables (bell peppers, zucchini, carrots), 3 tablespoons soy sauce, 2 tablespoons hoisin sauce, 1 tablespoon rice vinegar, 1 tablespoon sugar, 1 teaspoon cornstarch, 2 cloves garlic (minced), 1 teaspoon ginger (minced), 2 tablespoons vegetable oil, Cooked rice","30 minutes",No
Chinese,Sweet and Sour Pork,"In a deep fryer or wok, cook battered pork until crispy. In a separate pan, make a sweet and sour sauce. Toss the pork in the sauce until coated. Serve hot.","1 pound pork tenderloin (cubed), 1 cup cornstarch (for batter), 1 cup pineapple chunks, 1 cup bell peppers (sliced), 1/2 cup ketchup, 1/4 cup rice vinegar, 2 tablespoons soy sauce, 1/4 cup brown sugar, 1 teaspoon ginger (minced), Vegetable oil for frying, Cooked rice","45 minutes",No
Chinese,Spring Rolls,"In a skillet, sauté vegetables until tender. Fill spring roll wrappers with the vegetable mixture. Roll tightly and fry until golden. Serve with dipping sauce.","Spring roll wrappers, 2 cups shredded cabbage, 1 cup shredded carrots, 1 cup bean sprouts, 1/2 cup mushrooms (sliced), 2 tablespoons soy sauce, 1 tablespoon hoisin sauce, 1 tablespoon sesame oil, 2 cloves garlic (minced), Vegetable oil for frying, Dipping sauce","30 minutes",Yes
Chinese,Hong Shao Rou (Red-Braised Pork Belly),"Boil pork belly until cooked. Sear in a hot wok, then simmer in a flavorful mixture of soy sauce, sugar, and spices until the sauce thickens. Serve over rice.","1 pound pork belly, 2 tablespoons soy sauce, 1 tablespoon dark soy sauce, 1/4 cup sugar, 1 cup water, 2 slices ginger, 2 cloves garlic (minced), 2 tablespoons Shaoxing wine, 2 green onions (sliced), Cooked rice","1.5 hours",No
Chinese,Dim Sum Dumplings (Jiaozi),"Mix ground pork, vegetables, and seasonings. Fill dumpling wrappers, fold, and seal. Steam or pan-fry until cooked. Serve with dipping sauce.","1/2 pound ground pork, 1 cup finely chopped Napa cabbage, 1/2 cup green onions (chopped), 2 tablespoons soy sauce, 1 tablespoon sesame oil, 1 tablespoon ginger (minced), 1 tablespoon garlic (minced), Dumpling wrappers, Dipping sauce","45 minutes",No
Chinese,Szechuan Mapo Tofu,"In a wok, sauté ground pork. Add tofu cubes, Szechuan peppercorns, and a spicy bean sauce. Simmer until heated through. Garnish with green onions and serve with rice.","1/2 pound ground pork, 1 package firm tofu (cubed), 2 tablespoons spicy bean sauce, 1 tablespoon Szechuan peppercorns, 2 tablespoons soy sauce, 1 tablespoon sesame oil, 2 cloves garlic (minced), 1 tablespoon ginger (minced), 2 green onions (sliced), Cooked rice","30 minutes",No
Chinese,Moo Shu Chicken,"Stir-fry shredded chicken and vegetables. Add a hoisin-based sauce and cook until heated through. Serve the mixture in Mandarin pancakes with hoisin sauce.","1 pound chicken breast (shredded), 2 cups shredded cabbage, 1 cup shredded wood ear mushrooms, 1 cup shredded carrots, 2 tablespoons hoisin sauce, 2 tablespoons soy sauce, 1 tablespoon sesame oil, 2 cloves garlic (minced), 1 tablespoon ginger (minced), Mandarin pancakes, Hoisin sauce","25 minutes",No
Chinese,Congee (Jook),"In a pot, cook rice with water until it breaks down into a porridge consistency. Top with a variety of toppings like green onions, soy sauce, and fried shallots.","1 cup rice, 8 cups water, Toppings: green onions, soy sauce, fried shallots, Cooked protein (optional)","1 hour",No
Chinese,General Tso's Tofu,"Coat tofu cubes in cornstarch and pan-fry until crispy. In a wok, stir-fry with a sweet and tangy sauce. Serve over rice with steamed broccoli.","1 package firm tofu (cubed), 1/2 cup cornstarch, Vegetable oil for frying, 2 tablespoons soy sauce, 2 tablespoons hoisin sauce, 1 tablespoon rice vinegar, 1 tablespoon sugar, 2 cloves garlic (minced), 1 teaspoon ginger (minced), Cooked rice, Steamed broccoli","40 minutes",Yes
Chinese,Scallion Pancakes,"Mix flour, water, and salt to form a dough. Roll out and spread with chopped scallions. Pan-fry until crispy on both sides. Serve with soy sauce for dipping.","2 cups all-purpose flour, 3/4 cup warm water, 1/2 teaspoon salt, 1 cup chopped scallions, Vegetable oil for frying, Soy sauce for dipping","30 minutes",Yes
Chinese,Cantonese-Style Steamed Fish,"Place fish fillets on a plate and season. Top with ginger and green onions. Steam until the fish is cooked. In a separate pan, heat soy sauce and oil until hot. Pour over the steamed fish and serve.","2 fish fillets (such as sea bass or tilapia), Salt and pepper, 2 tablespoons soy sauce, 2 tablespoons vegetable oil, Ginger (julienned), Green onions (sliced), Steamed rice","20 minutes",No
Chinese,Hot and Sour Soup,"In a pot, simmer chicken broth with mushrooms, tofu, and various spices. Add vinegar and white pepper for a hot and sour flavor. Garnish with green onions.","4 cups chicken broth, 1 cup tofu (cubed), 1/2 cup wood ear mushrooms, 2 tablespoons soy sauce, 2 tablespoons rice vinegar, 1 tablespoon cornstarch (dissolved in water), 1 egg (beaten), White pepper, Green onions (sliced)","30 minutes",No
Chinese,Mongolian Beef,"Slice beef thinly and stir-fry until browned. Add soy sauce, hoisin sauce, and brown sugar. Cook until the sauce thickens. Garnish with green onions and sesame seeds. Serve over rice.","1 pound flank steak (sliced), 1/4 cup soy sauce, 2 tablespoons hoisin sauce, 2 tablespoons brown sugar, 2 tablespoons cornstarch, 2 tablespoons vegetable oil, 2 cloves garlic (minced), 1 teaspoon ginger (minced), Green onions (sliced), Sesame seeds, Cooked rice","30 minutes",No
Chinese,Steamed Pork Buns (Baozi),"Prepare a filling of seasoned ground pork. Fill baozi dough with the pork mixture, then steam until cooked. Serve with soy sauce for dipping.","1/2 pound ground pork, 2 cups all-purpose flour, 1 teaspoon yeast, 1/2 cup warm water, 1 tablespoon sugar, 2 tablespoons soy sauce, 1 tablespoon sesame oil, 2 cloves garlic (minced), 1 teaspoon ginger (minced), Green onions (sliced)","40 minutes",No
Chinese,Stir-Fried Shanghai Noodles,"Boil Shanghai noodles until al dente. Stir-fry with vegetables, protein of choice, and a savory sauce. Garnish with cilantro and sesame seeds.","8 ounces Shanghai noodles, 1 cup sliced chicken, beef, or tofu, 1 cup broccoli florets, 1/2 cup shredded carrots, 2 tablespoons soy sauce, 1 tablespoon oyster sauce, 1 tablespoon sesame oil, 2 cloves garlic (minced), 1 teaspoon ginger (minced), Cilantro (chopped), Sesame seeds","25 minutes",No
Chinese,Szechuan Eggplant,"Slice eggplant and stir-fry until golden. Add a spicy Szechuan sauce and cook until the eggplant is tender. Garnish with green onions and serve with rice.","2 large eggplants (sliced), 2 tablespoons soy sauce, 1 tablespoon hoisin sauce, 1 tablespoon rice vinegar, 1 tablespoon brown sugar, 1 teaspoon cornstarch, 2 tablespoons vegetable oil, 2 cloves garlic (minced), 1 teaspoon ginger (minced), 1 teaspoon Szechuan peppercorns, Green onions (sliced), Cooked rice","30 minutes",Yes
Chinese,Chinese BBQ Pork (Char Siu),"Marinate pork in a sweet and savory mixture. Roast until caramelized and cooked through. Slice and serve as a delicious side or over rice.","1 pound pork shoulder (sliced), 1/4 cup hoisin sauce, 2 tablespoons soy sauce, 2 tablespoons oyster sauce, 2 tablespoons honey, 1 tablespoon Chinese five-spice powder, 2 cloves garlic (minced), 1 teaspoon ginger (minced), 1 tablespoon Shaoxing wine","1.5 hours",No
Chinese,Mapo Tofu,"In a wok, sauté ground pork. Add tofu cubes, black bean sauce, and chili bean paste. Simmer until heated through. Garnish with green onions and serve with rice.","1/2 pound ground pork, 1 package firm tofu (cubed), 2 tablespoons black bean sauce, 1 tablespoon chili bean paste, 2 tablespoons soy sauce, 1 tablespoon sesame oil, 2 cloves garlic (minced), 1 teaspoon ginger (minced), 2 green onions (sliced), Cooked rice","30 minutes",No
Chinese,Black Pepper Beef,"Slice beef thinly and marinate in a mixture of soy sauce, oyster sauce, and black pepper. Stir-fry with vegetables until cooked. Serve over rice.","1 pound flank steak (sliced), 1/4 cup soy sauce, 2 tablespoons oyster sauce, 1 tablespoon black pepper, 1 tablespoon cornstarch, 2 tablespoons vegetable oil, 2 cloves garlic (minced), 1 teaspoon ginger (minced), 1 bell pepper (sliced), 1 onion (sliced), Cooked rice","25 minutes",No
Chinese,Tea-Smoked Duck,"Rub duck with a mixture of tea leaves, sugar, and rice. Smoke the duck until cooked through. Serve with steamed buns and hoisin sauce.","1 whole duck, 1 cup black tea leaves, 1/2 cup brown sugar, 1/2 cup uncooked rice, 1/4 cup soy sauce, Steamed buns, Hoisin sauce","2 hours",No
Chinese,Sweet Red Bean Soup (Hong Dou Tang),"Boil red beans until soft. Add rock sugar and cook until dissolved. Serve the sweet red bean soup hot or cold.","1 cup red beans, 1/2 cup rock sugar, Water","1 hour",Yes
Chinese,Lotus Leaf Sticky Rice (Lo Mai Gai),"Soak glutinous rice and cook with Chinese sausage, mushrooms, and chicken. Wrap in lotus leaves and steam until the rice is tender. Serve hot.","2 cups glutinous rice, 1/2 cup Chinese sausage (sliced), 1/2 cup shiitake mushrooms (sliced), 1/2 cup diced chicken, 2 tablespoons soy sauce, 1 tablespoon oyster sauce, 1 tablespoon sesame oil, 2 lotus leaves (soaked), Steamer","1.5 hours",No
Chinese,Sweet Corn Soup,"In a pot, simmer chicken broth with sweet corn kernels, shredded chicken, and beaten eggs. Season with salt and white pepper. Garnish with green onions.","4 cups chicken broth, 1 cup sweet corn kernels, 1/2 cup shredded chicken, 2 eggs (beaten), Salt and white pepper to taste, Green onions (sliced)","30 minutes",No
Chinese,Chinese Chive Dumplings (Jiu Cai He Zi),"Mix Chinese chives, ground pork, and seasonings. Fill dumpling wrappers, fold, and pan-fry until golden. Serve with soy sauce for dipping.","2 cups Chinese chives (chopped), 1/2 pound ground pork, 2 tablespoons soy sauce, 1 tablespoon sesame oil, 1 tablespoon oyster sauce, Dumpling wrappers, Vegetable oil for frying, Soy sauce for dipping","40 minutes",No







